epoch,step,train_loss
0,49,0.5963600277900696
1,99,-0.8636659979820251
2,149,-0.9240046143531799
3,199,-1.2122474908828735
4,249,-1.510109543800354
